{
  "actual-feedback FK": {
    "end_xyz": [
      -0.30544471209473006,
      0.975809743544788,
      1.444031127471846
    ],
    "max_xyz": [
      -0.26863209633859064,
      1.0688601751203297,
      1.4504886106767008
    ],
    "min_xyz": [
      -0.4217768898448718,
      0.975809743544788,
      1.3132447706503225
    ],
    "start_xyz": [
      -0.3259528036106725,
      0.9947793299246532,
      1.4432714754034495
    ]
  },
  "computed": true,
  "episode nominal FK": {
    "end_xyz": [
      -0.3117171466990738,
      0.9725704122631056,
      1.4437651917261463
    ],
    "max_xyz": [
      -0.2682697857918219,
      1.0692885672871877,
      1.4508000317367875
    ],
    "min_xyz": [
      -0.4219354915973129,
      0.9725704122631056,
      1.313176592933882
    ],
    "start_xyz": [
      -0.32732065611750427,
      0.9945826070641122,
      1.443183995189894
    ]
  },
  "fresh_ratio": 1.0,
  "model": "HDR35_20 base_link->tool0 j1..j6",
  "replay command FK": {
    "end_xyz": [
      -0.3117171466990738,
      0.9725704122631056,
      1.4437651917261463
    ],
    "max_xyz": [
      -0.2682697857918219,
      1.0692885672871877,
      1.4508000317367875
    ],
    "min_xyz": [
      -0.4219354915973129,
      0.9725704122631056,
      1.313176592933882
    ],
    "start_xyz": [
      -0.32732065611750427,
      0.9945826070641122,
      1.443183995189894
    ]
  },
  "stale_gap_policy": "arm actual samples with age > 0.2s are NaN/gaps"
}